{
  "dataset": "electricity/H",
  "model": "JAX-TimeSeriesForecaster",
  "metrics": {
    "MSE[mean]": 121720093.67227477,
    "MSE[0.5]": 121720093.67227477,
    "MAE[0.5]": 1651.986551590653,
    "MASE[0.5]": 8.289392081848204,
    "MAPE[0.5]": 1.6361188371878346,
    "sMAPE[0.5]": 0.6045219486683339,
    "MSIS": 342.6939797861846,
    "RMSE[mean]": 11032.682977058426,
    "NRMSE[mean]": 5.20821429576941,
    "ND[0.5]": 0.7798556336934874,
    "mean_weighted_sum_quantile_loss": 0.5846041410210856
  }
}